VVVHS,S2REP,DpRVIVV,AWEIsh,BAI,VVVHD,agb
-41.760842202772665,717.0048324762683,2.4081099777049597,-0.9583047323259616,9.132063997943924,8.52150819015694,0.0
-28.40043795856587,719.0050776470072,2.4607977994049475,-0.6385179987113879,24.811946003618974,6.543429656721946,14.64
-40.70520802456211,711.7769224027127,2.1956139859303856,-0.935326407446524,10.221182401337932,3.981253994905064,0.0
-33.109216638943494,711.2080123826078,2.174872061113348,-0.6925758957257359,23.075801609315324,2.8949384777502054,4.67
-28.11208599808374,710.9898436894606,2.578836924626711,-0.5553464171465967,44.883923982177535,8.136156701986206,22.85
-49.187876749754594,696.0196518317753,2.126100730223653,-0.8751725850484962,5.532240187312316,3.1013135881475513,0.0
-41.19437310400812,705.5995148182916,2.5595958668513994,-0.6645573747059763,7.764960799713395,11.526100463268696,0.0
-38.93725629021611,701.1002452950635,2.3261121435175207,-0.985880526662032,8.24595448143656,6.348956055746719,0.18
-41.20836839049335,716.3469564764082,2.402346400410735,-0.9336395528930668,7.03266607890774,8.290019344357251,0.19
-42.77225516284123,708.6366233321733,2.2356957526174055,-1.072041139919569,7.067841035699273,5.040619435874792,0.0
-42.32556887663293,717.5660216126603,2.279443025643544,-0.8397025169737367,12.682027457357512,5.913792514485259,0.33
-31.10104737776227,714.0140864326617,2.531551891723459,-0.6159004196538407,32.48098991648983,8.265910284115227,17.74
-43.65928203233591,716.8824641951874,2.3121479044763156,-0.8338169279277671,17.016256957041122,6.8140766986670585,0.02
-49.91192728679921,703.0329574074564,2.1606392246999544,-0.9109031873635612,8.160315317614327,4.008906651315957,0.0
-40.74434233037376,708.3492050490548,2.1424287785156784,-0.962564606307936,5.047134418240629,2.9015834547698915,0.33
-29.247964740623637,720.0365249993523,2.4465619385306505,-0.4199790761478422,47.062706329894354,6.530513916324502,25.87
-39.82787820747261,714.6907929454887,2.353897771171763,-0.8249522440610471,10.153730948129787,7.047498664062488,4.36
-24.366698016493245,717.2002753982541,2.49133325819941,-0.6026658700734321,23.027570909457772,5.9860845640023665,23.61
-27.791538065736944,717.0652203821475,2.398321659087576,-0.5726243696496045,36.583504446823994,5.5349857754699325,31.41
-34.92341710464361,706.2435987299108,2.2422236016750148,-0.7414735470128746,13.081309006067718,4.229637936942792,3.59
-41.35905390416221,715.0376824703787,2.390219871209121,-0.9321895905282462,11.719630248931775,8.069562343906632,0.0
-45.43671185775785,716.0789616229956,2.2333923055381795,-0.9506920643019904,9.829204890089748,5.302289468278019,0.33
-29.946509054671353,711.7544213843264,2.363599145141639,-0.6083411286334163,53.473184949939125,5.444262546127428,14.59
-33.20880059507247,719.4159383111296,2.437193109037388,-0.6193485682509068,30.77578594765952,7.259329389781202,10.0
-32.70676029773929,710.4343905967792,2.3245521730677448,-0.9474737548861542,8.376392277924523,5.307525064318559,3.99
-42.56613802712825,710.9526272291655,2.2100257443546605,-0.7997273744684567,12.118949246403488,4.469992411725418,7.48
-38.219847107139046,712.5276428992236,2.359839365339004,-0.833311760604707,10.642084799172409,6.87650276319334,7.74
-42.3422277772498,716.2071547592653,2.274078225649389,-0.8762905510436187,12.58326283102462,5.802541329615458,9.35
-38.50200627987705,712.3905258508838,2.463222156292952,-0.7070780925901557,24.7668707713585,8.917491185284714,5.86
-27.10055284082928,712.7531170643904,2.407680187915115,-0.5071568509351951,52.16266920230482,5.5241792373763925,26.05
-31.97321804566664,718.7883893090269,2.496348458258064,-0.4995318588300181,40.24361098455748,7.93492874125778,5.36
-26.4183756883322,717.7931624230946,2.2276783205736184,-0.7354253505739855,21.77225482486657,3.007445704501192,34.86
-35.19777682933524,712.6887314143171,2.1561260090615018,-0.8393246051884244,12.35663454304413,2.747644212100756,3.74
-36.15174592139073,712.1458761542069,2.277862227315893,-0.6518733086680775,31.70368045232962,5.0226023215379385,6.75
-25.672505131740596,715.7428824716767,2.487752123330937,-0.5157673561935919,45.686657880144864,6.260909444615429,41.96
-39.764597599932856,714.107609507222,2.2633944067187786,-0.9157211185074772,11.885793535395486,5.236886296622636,0.0
-43.14596654052828,711.4037715758824,2.3477073596114617,-0.976968154781283,10.000467533760634,7.501085051845777,0.0
-41.83734132044603,699.4446400395157,2.2061027197516365,-0.7970312970379988,7.469186267833621,4.311394916660724,0.0
-29.509126825525215,716.1104205618539,2.327799754472242,-0.5613710225665243,55.74821053729569,4.836542264048708,38.22
-33.08687576827513,712.4496279321693,2.15396747470328,-0.8996563746148939,11.524744766546029,2.5471513539312323,4.86
-37.75830062051878,711.4154385220542,2.3955867744851047,-0.482670796242322,82.62493587792272,7.468342176254975,10.27
-38.798124063978534,712.5579019958966,2.280725906624731,-0.9047977890309016,8.589073873069363,5.4458192765995825,26.94
-34.290355682802556,716.8188506385974,2.3013157346926896,-0.7302064705531549,18.201243982259346,5.166111857718645,2.22
-26.67307028282729,711.7095256949874,2.380349947098898,-0.6342351999146238,45.387211201615536,5.072550435519272,41.09
-49.29700478231871,706.2669974403365,2.1572072985595554,-0.9076333578862178,6.279816282941043,3.8749244744529,0.0
-39.246414078271215,715.9930033944452,2.3258602987111563,-0.8986188357926547,10.51202490882896,6.394424107443598,6.05
-43.669088775347035,711.4542594947417,2.3694025842040767,-0.9683766435115764,8.45731220560039,8.065737121725224,0.0
-39.61764779413467,704.5544480861256,2.1462857723487705,-0.9566330223148516,8.732196628139347,2.8977491031032727,0.61
-32.93955993570838,712.4212066422999,2.400798666818437,-0.5067529204514185,60.15363433762559,6.601065853908954,13.34
-38.568457082787205,712.4139340727362,2.191725036373971,-0.8639560786329271,10.893713954035176,3.697269418542657,6.98
-35.37835986524746,712.4056165747296,2.213435700771817,-0.815778532176938,12.91374547950604,3.775502514998305,8.8
-39.30965830452554,711.5460916625027,2.2807589146235085,-0.8741324242040367,11.201845452089636,5.51826849989979,3.55
-34.45126664758648,714.8090930726542,2.3070912383131117,-0.7304144157428722,23.895469146394245,5.289841068131265,1.52
-30.057568175445184,711.7385181316395,2.435632390174691,-0.5668949247953984,41.426527124834,6.54702513355395,24.78
-44.20659715091527,713.7489322185246,2.259630797836127,-0.9612918467169532,9.771648809719013,5.738697043956197,0.0
-26.64507808593489,718.1148876088964,2.2736697340908303,-0.7427700118105358,18.776971022293235,3.6459757173036063,0.0
-35.11602551209818,718.0868533269271,2.474509363618839,-0.6441775694982533,30.72001847039401,8.331441459284305,7.4
-31.98046560144613,718.9169652201481,2.520257840640717,-0.8117866470087742,16.185316697691526,8.319043988246538,1.93
-43.56166620826841,712.1182756765929,2.2680565750981994,-0.8734138384951575,12.16793210545374,5.8384955246796935,2.47
-42.364978973056736,717.5797507504067,2.2720647010951125,-0.92172613822159,11.588469210239609,5.763007670602704,0.0
-30.72152232479469,715.946331326613,2.523683213438865,-0.5548957911851823,31.97310783313785,8.044172766391156,35.63
-36.0507748553366,717.5077450308469,2.4831686217339897,-0.7421637182985279,22.6519334408499,8.709301599647677,2.92
-27.43750270471699,718.5001726342834,2.441569148175058,-0.6022977698360122,18.685338918103454,6.057777348686363,22.55
-42.4440216492194,715.8272430936476,2.1503487098321967,-0.957718158328476,9.763896884007336,3.190701947524986,1.83
-42.34433223565115,715.9684195263436,2.1970272924563807,-0.9705811574634524,8.560677356807481,4.1714945656318925,0.0
-34.49095389425959,716.9364640344256,2.35929302612379,-0.8879681557826571,14.27871299830553,6.196179599282326,0.0
-26.725046627677855,717.1811976252426,2.4670467220497945,-0.3778596590269646,44.45050030590442,6.240922712042426,19.92
-51.64492222383552,697.8230549468626,2.1625472790843054,-0.9386016135358372,7.840614322273762,4.19737079300252,0.0
-48.878929826966754,696.6779946794551,2.194510965225889,-0.8739608873371525,6.563388082051863,4.753743909925909,0.0
-32.092617857129504,717.2723983228869,2.580627205852623,-0.8534086535022781,13.326884340275402,9.316923517440548,9.9
-47.84211574381858,710.6138547491292,2.1685947733003177,-0.8686688663777864,9.813925119176448,4.032965329018321,2.45
-35.724678325196315,714.7010441418214,2.4094530280014164,-0.5039556530843065,47.37948742180986,7.313788857314101,6.75
-25.1067324628228,717.2495713628025,2.456920699305654,-0.657753288562579,33.23425065428921,5.7358928770964805,41.75
-30.2595351892927,720.7416197710852,2.348085669663864,-0.7187039844402576,22.50205409437499,5.266455285041102,25.83
-30.310923688413048,715.4666544406947,2.423165703740049,-0.4562835375381801,69.2827475951708,6.41327167680911,15.82
-26.810309589100253,719.0730588293221,2.498266070042535,-0.6068040778313099,19.606540653102964,6.679333797792335,18.68
-29.493923460586753,712.1090299565413,2.379598602874656,-0.6792430422044389,26.047001436266175,5.597926069465384,3.78
-32.344236333667546,715.1117924744345,2.3796949747231513,-0.624861626221483,34.235821767465296,6.140471998575762,7.26
-40.007692085217656,711.9112075134368,2.34691948720883,-0.8034607362560575,21.489059247036963,6.9397240113062395,1.04
-32.19449364243441,713.614184012066,2.3994394231888965,-0.543322639392599,42.14588542426618,6.429874985196296,25.92
-41.84838658704556,704.3073562902279,2.348170911676958,-0.8779186303221252,10.379560821998991,7.285195455110717,4.71
-37.83573099199836,714.9243589072128,2.4297848783332525,-0.8371613556229922,18.24394404609372,8.130612520522847,8.7
-31.67968428210134,713.9863216178801,2.4437677864141207,-0.5713745961261302,28.422987408854095,7.029211684083167,14.59
-31.938305330369044,717.5214037007939,2.563989108057957,-0.6553512034882213,39.08477516462946,9.006428168078767,13.46
-37.85835800920466,721.995654651524,2.287822496512101,-0.9378410840223456,9.020885036148938,5.448243558029077,8.82
-44.140029365848434,706.0006036846082,2.2223898227696552,-0.9247757581504956,8.681091569244485,4.908146653859202,3.8
-25.425536490435235,715.2060064532664,2.502396440883874,-0.5493733481173823,51.967995414863616,6.3868495201788615,21.92
-49.170379149077434,701.6497815459434,2.04605651292088,-0.933782749565706,7.348380935825397,1.1323081013020335,0.0
-44.12284640823635,708.4378763014786,2.2138936752702953,-0.9607847012990997,9.61733815115659,4.71879889082221,0.0
-37.441500690203355,710.7586802080399,2.287037929835001,-0.7351260850094057,8.36718593023778,5.373565424015876,0.67
-29.369633733816435,713.8051414224575,2.2583392480379656,-0.6403858709961509,22.58075653882159,3.7936645469723,17.67
-37.2774627850454,708.8221671432526,2.3461475318668836,-0.6873606238534736,20.603028836843464,6.451750868651539,2.91
-28.45992772773957,716.15517048545,2.4013110342497006,-0.6178533580437777,25.645050908936884,5.710641515545447,77.65
-38.851948564475265,713.8608806716227,2.300035807873276,-0.9301395636355716,9.203582509348868,5.82848788749666,3.17
-30.27438676431836,713.932244157739,2.4372647358959223,-0.5757150891967691,44.51335772915894,6.618960866455341,12.18
-25.831514719202875,715.363844157189,2.441403199770112,-0.6234543919343105,26.47019973874881,5.701056625982449,15.17
-49.450002312572565,680.7906501721928,2.274565172356277,-0.7134562733554686,3.769450190671219,6.788624203984899,0.0
-38.68710607632604,714.5882903092164,2.198060906177754,-0.9167109630417922,11.264869255390034,3.8312016434360174,4.58
-29.809633359364312,719.1199026223262,2.473139689215083,-0.571198306838807,23.647663327097003,7.0520603316326085,11.78
-40.841030541015655,715.0878436094183,2.344499354491922,-0.5666332679778077,27.17789733889146,7.0348543290823855,0.8
-27.991567357307716,715.9387862699965,2.49566236010634,-0.6396829676843706,29.154167506956117,6.937183169699367,57.75
-46.43927144681942,706.5133280642868,2.329564700982816,-0.9514219252195252,9.147485313320802,7.652372304115424,2.83
-29.928769687892945,717.6312977530355,2.3414061422927985,-0.6180323237959036,34.127893724543014,5.108932901356587,33.5
-41.34440079207599,714.280868878851,2.333172722819726,-0.9079752767567462,10.774510531606897,6.887413292622998,0.0
-29.711708070110173,717.2940958551361,2.525526799362374,-0.5570527537709352,38.865006642219406,7.807149422837103,55.83
-42.65609388960546,717.726496147707,2.2387562847048583,-0.9405141566092474,9.483988556425896,5.09220524855191,0.0
-26.798387422469332,719.3918238243913,2.382353900165917,-0.3735674052931745,58.59191114696373,5.123233974569203,37.98
-29.381234803083984,713.6258946169197,2.4146779355027093,-0.503207849970546,39.91087786847645,6.091874895331605,8.95
-27.58732263863807,715.1648211453295,2.424702430194354,-0.4139356238755095,71.37665005769608,5.85820148359265,11.89
-25.510523984856597,714.1979489562215,2.4327806032468073,-0.5668557178872177,32.24858587493344,5.520229979654193,29.62
-37.119290887161206,714.4526664863276,2.3978884441327084,-0.8779923105704136,12.475623656052706,7.384668449200994,0.15
-29.336975109975715,714.5487879567406,2.425530694357905,-0.6153709196172752,28.287452978948384,6.241891694454271,23.18
-35.20388205463671,713.4831033487603,2.4458841846130217,-0.6168680617835595,32.209293074533164,7.848427122572339,7.7
-23.26076228343091,716.9849658076606,2.474490922328792,-0.5973261260958235,24.72501222708167,5.518510274967955,44.22
-39.06545427624035,713.9978172023795,2.294447530390776,-0.9330208364126886,8.816055861572352,5.751363267616377,0.2
-46.805500836011845,688.7260822771043,2.195408620672327,-0.7344542775698231,5.756664454498246,4.573099179121261,0.0
-40.71242030412223,719.137065404939,2.4081678521714824,-0.934810142448736,10.376637903942186,8.308750576118111,15.1
-26.886677503503417,712.2237996789281,2.4676422891098406,-0.5094874930238493,51.32053620726988,6.286673707148198,36.78
-31.913883703336605,713.1282457759835,2.3997184869184647,-0.5802019020260702,33.85666025499753,6.378284652794779,25.27
-28.840643334552443,719.7949193426621,2.3876976298526524,-0.5903042090255152,21.47991529456476,5.590724532115839,11.96
-29.889837684259625,714.1927602952138,2.354337024936369,-0.6947829452123377,25.96380543731147,5.2955380804357635,18.91
-26.314910059722,712.6708219257644,2.368196409598054,-0.5511075399947806,45.64713056240621,4.844527701442672,47.02
-25.879112077486862,716.198607150342,2.408561885262301,-0.5750519931359309,35.11402757104708,5.286609409646211,43.25
-31.85553555534164,711.6213116693523,2.33985360924319,-0.77834499456815,14.077932809207775,5.413109366428804,7.81
-29.995198828846732,717.4291680479347,2.403918789480349,-0.6398437946049498,29.836969434501047,6.057812200585076,27.92
-38.908254287640005,708.5334761862534,2.3210044287472185,-0.988920378800506,8.041091305934131,6.244860970577694,0.0
-36.2739856704862,714.5840231583493,2.305989612323782,-0.72139563094119,19.792236848325043,5.549731406375251,11.66
-46.65879883378503,710.9095743830902,2.307543360494577,-0.9395210883076786,8.891249211968132,7.174801894991354,1.09
-30.432858256496253,715.9406813824565,2.396716419540872,-0.577232553981047,33.96855077137896,6.03660728195603,14.61
-28.413826042162405,717.287085166155,2.5658718851706688,-0.6243845818153745,34.39004570012653,8.039292653694945,28.93
-43.31550175776529,714.3119932801562,2.2443740968875048,-0.8658126667931634,9.342959538579931,5.2925933116415145,0.0
-35.29888364010634,714.8428315581277,2.4067708609916507,-0.7274118587786172,20.47252063466621,7.179278645165079,3.2
-39.09063801655096,720.012140368798,2.3200837827655563,-0.9195428605171138,9.13439987529038,6.25613964352835,0.0
